date-time,open,high,low,close,quantity,dont-know
2019-10-07T17:00:00+0530,19020,19020,19020,19020,0,1
2019-10-07T18:00:00+0530,19020,19020,19020,19020,0,1
2019-10-07T21:00:00+0530,19020,19020,19020,19020,0,1
2019-10-31T14:00:00+0530,19590,19590,19590,19590,0,2
2019-10-31T17:00:00+0530,19590,19590,19590,19590,0,2
2019-11-20T09:00:00+0530,19500,19500,19500,19500,0,3
2019-11-20T10:00:00+0530,19500,19500,19500,19500,0,3
2019-11-20T12:00:00+0530,19500,19500,19500,19500,0,3
2019-11-20T13:00:00+0530,19500,19500,19500,19500,0,3
2019-11-20T14:00:00+0530,19500,19500,19500,19500,0,3
2019-11-20T15:00:00+0530,19500,19500,19500,19500,0,3
2019-11-20T16:00:00+0530,19500,19500,19500,19500,0,3
2019-11-20T17:00:00+0530,19500,19500,19500,19500,0,3
2019-11-20T18:00:00+0530,19500,19500,19500,19500,0,3
2019-11-20T19:00:00+0530,19500,19500,19500,19500,0,3
2019-11-20T20:00:00+0530,19500,19500,19500,19500,0,3
2019-11-20T21:00:00+0530,19500,19500,19500,19500,0,3
2019-11-25T13:00:00+0530,19500,19500,19500,19500,0,4
2019-11-25T14:00:00+0530,19500,19500,19500,19500,0,4
2019-11-25T15:00:00+0530,19500,19500,19500,19500,0,4
2019-11-25T17:00:00+0530,19500,19500,19500,19500,0,4
2019-11-25T18:00:00+0530,19500,19500,19500,19500,1,5
2019-11-25T19:00:00+0530,19500,19500,19500,19500,0,5
2019-11-29T17:00:00+0530,19990,19990,19990,19990,0,4
2019-11-29T18:00:00+0530,19990,19990,19990,19990,0,4
2019-11-29T19:00:00+0530,19990,19990,19990,19990,0,4
2019-11-29T20:00:00+0530,19990,19990,19990,19990,0,4
2019-11-29T21:00:00+0530,19990,19990,19990,19990,0,4
2019-12-09T17:00:00+0530,19700,19700,19690,19690,1,4
2019-12-09T18:00:00+0530,19690,19690,19690,19690,0,4
2019-12-09T19:00:00+0530,19690,19690,19690,19690,0,4
2019-12-09T20:00:00+0530,19690,19690,19690,19690,0,4
2019-12-09T21:00:00+0530,19690,19690,19690,19690,0,4
2019-12-23T13:00:00+0530,19950,19960,19950,19960,1,5
2019-12-23T14:00:00+0530,19960,19960,19960,19960,0,5
2019-12-23T15:00:00+0530,19960,19960,19960,19960,0,5
2019-12-23T16:00:00+0530,19960,19960,19960,19960,0,5
2019-12-23T17:00:00+0530,19960,19960,19960,19960,0,5
2019-12-23T18:00:00+0530,19960,19960,19930,19930,1,6
2019-12-23T19:00:00+0530,19930,19930,19930,19930,0,6
2019-12-23T20:00:00+0530,19930,19930,19930,19930,0,6
2019-12-23T21:00:00+0530,19930,19930,19930,19930,0,6
2019-12-24T15:00:00+0530,19870,19880,19870,19880,1,6
2019-12-24T16:00:00+0530,19880,19880,19800,19800,1,6
2019-12-24T17:00:00+0530,19800,19800,19800,19800,0,6
2019-12-24T18:00:00+0530,19800,19800,19710,19710,1,6
2019-12-24T19:00:00+0530,19710,19710,19710,19710,0,6
2019-12-24T20:00:00+0530,19710,19710,19710,19710,0,6
2019-12-24T21:00:00+0530,19710,19710,19710,19710,0,6
2019-12-30T09:00:00+0530,19990,19990,19990,19990,0,0
2019-12-30T12:00:00+0530,19990,19990,19920,19980,2,7
2019-12-30T13:00:00+0530,19980,19980,19980,19980,0,7
2019-12-30T14:00:00+0530,19980,19980,19970,19970,12,18
2019-12-30T15:00:00+0530,19970,19970,19970,19970,0,18
2019-12-30T16:00:00+0530,19970,20030,19970,20030,1,19
2019-12-30T17:00:00+0530,20030,20030,20030,20030,0,19
2019-12-30T18:00:00+0530,20030,20030,20030,20030,0,19
2019-12-30T19:00:00+0530,20030,20030,20030,20030,0,19
2019-12-30T20:00:00+0530,20030,20030,20030,20030,0,19
2019-12-30T21:00:00+0530,20030,20030,20030,20030,0,19
2019-12-31T19:00:00+0530,20080,20080,20080,20080,0,19
2019-12-31T20:00:00+0530,20080,20080,20080,20080,0,19
2019-12-31T21:00:00+0530,20080,20080,20080,20080,0,19
2020-01-02T12:00:00+0530,20150,20160,20150,20160,2,21
2020-01-02T13:00:00+0530,20160,20160,20160,20160,0,21
2020-01-02T14:00:00+0530,20160,20160,20160,20160,0,21
2020-01-02T15:00:00+0530,20160,20160,20160,20160,0,21
2020-01-02T16:00:00+0530,20160,20160,20160,20160,0,21
2020-01-02T17:00:00+0530,20160,20160,20160,20160,0,21
2020-01-02T18:00:00+0530,20160,20160,20160,20160,0,21
2020-01-02T19:00:00+0530,20160,20160,20160,20160,0,21
2020-01-02T20:00:00+0530,20160,20160,20160,20160,0,21
2020-01-02T21:00:00+0530,20160,20160,20160,20160,0,21
2020-01-03T15:00:00+0530,20210,20210,20210,20210,0,20
2020-01-03T16:00:00+0530,20210,20210,20210,20210,0,20
2020-01-03T17:00:00+0530,20210,20210,20210,20210,0,20
2020-01-03T18:00:00+0530,20210,20210,20210,20210,0,20
2020-01-03T19:00:00+0530,20210,20210,20210,20210,0,20
2020-01-03T20:00:00+0530,20210,20210,20210,20210,0,20
2020-01-03T21:00:00+0530,20210,20210,20210,20210,0,20
2020-01-06T13:00:00+0530,20220,20220,20220,20220,0,20
2020-01-06T14:00:00+0530,20220,20220,20220,20220,0,20
2020-01-06T15:00:00+0530,20220,20220,20220,20220,0,20
2020-01-06T16:00:00+0530,20220,20220,20220,20220,0,20
2020-01-06T17:00:00+0530,20220,20220,20220,20220,0,20
2020-01-06T18:00:00+0530,20220,20220,20220,20220,0,20
2020-01-06T19:00:00+0530,20220,20220,20220,20220,0,20
2020-01-06T20:00:00+0530,20220,20220,20220,20220,0,20
2020-01-06T21:00:00+0530,20220,20220,20220,20220,0,20
2020-01-07T15:00:00+0530,20330,20330,20330,20330,0,30
2020-01-07T16:00:00+0530,20330,20330,20330,20330,0,30
2020-01-07T17:00:00+0530,20330,20330,20330,20330,0,30
2020-01-07T18:00:00+0530,20330,20330,20330,20330,0,30
2020-01-07T19:00:00+0530,20330,20330,20270,20270,2,31
2020-01-07T20:00:00+0530,20270,20270,20270,20270,0,31
2020-01-07T21:00:00+0530,20270,20270,20270,20270,0,31
2020-01-07T22:00:00+0530,20270,20270,20270,20270,0,31
2020-01-08T11:00:00+0530,20260,20260,20260,20260,0,31
2020-01-08T12:00:00+0530,20260,20260,20260,20260,0,31
2020-01-08T13:00:00+0530,20260,20260,20260,20260,0,31
2020-01-08T14:00:00+0530,20260,20260,20260,20260,0,31
2020-01-08T15:00:00+0530,20260,20260,20260,20260,2,31
2020-01-08T16:00:00+0530,20260,20260,20260,20260,0,31
2020-01-08T17:00:00+0530,20260,20260,20260,20260,0,31
2020-01-08T18:00:00+0530,20260,20260,20260,20260,0,31
2020-01-08T19:00:00+0530,20260,20260,20260,20260,0,31
2020-01-08T20:00:00+0530,20260,20260,20260,20260,0,31
2020-01-08T21:00:00+0530,20260,20260,20260,20260,0,31
2020-01-08T23:00:00+0530,20260,20260,20260,20260,0,31
2020-01-09T15:00:00+0530,20300,20300,20300,20300,4,31
2020-01-09T16:00:00+0530,20300,20300,20290,20290,13,44
2020-01-09T17:00:00+0530,20290,20290,20290,20290,0,44
2020-01-09T18:00:00+0530,20290,20300,20290,20300,5,48
2020-01-09T19:00:00+0530,20300,20310,20300,20310,1,49
2020-01-09T20:00:00+0530,20310,20310,20300,20300,8,56
2020-01-09T21:00:00+0530,20300,20300,20300,20300,0,56
2020-01-10T10:00:00+0530,20400,20460,20400,20440,5,64
2020-01-10T11:00:00+0530,20440,20470,20440,20470,103,154
2020-01-10T12:00:00+0530,20470,20470,20460,20460,21,158
2020-01-10T13:00:00+0530,20460,20460,20460,20460,3,161
2020-01-10T14:00:00+0530,20460,20460,20460,20460,0,161
2020-01-10T15:00:00+0530,20460,20480,20460,20480,4,163
2020-01-10T16:00:00+0530,20480,20480,20480,20480,11,169
2020-01-10T17:00:00+0530,20480,20480,20480,20480,0,169
2020-01-10T18:00:00+0530,20480,20550,20480,20550,49,212
2020-01-10T19:00:00+0530,20550,20610,20530,20530,39,230
2020-01-10T20:00:00+0530,20530,20530,20500,20500,10,232
2020-01-10T21:00:00+0530,20500,20500,20500,20500,0,232
2020-01-13T10:00:00+0530,20630,20650,20630,20650,9,242
2020-01-13T11:00:00+0530,20650,20650,20640,20650,9,248
2020-01-13T12:00:00+0530,20650,20650,20650,20650,5,250
2020-01-13T13:00:00+0530,20650,20650,20620,20620,3,250
2020-01-13T14:00:00+0530,20620,20630,20600,20630,9,248
2020-01-13T15:00:00+0530,20630,20630,20630,20630,0,248
2020-01-13T16:00:00+0530,20630,20630,20630,20630,0,248
2020-01-13T17:00:00+0530,20630,20630,20490,20490,2,248
2020-01-13T18:00:00+0530,20490,20510,20490,20510,10,255
2020-01-13T19:00:00+0530,20510,20530,20510,20530,1,256
2020-01-13T20:00:00+0530,20530,20530,20530,20530,1,256
2020-01-13T21:00:00+0530,20530,20530,20530,20530,0,256
2020-01-13T22:00:00+0530,20530,20530,20530,20530,0,256
2020-01-14T11:00:00+0530,20560,20560,20540,20540,13,281
2020-01-14T12:00:00+0530,20540,20540,20540,20540,0,281
2020-01-14T13:00:00+0530,20540,20540,20410,20420,31,290
2020-01-14T14:00:00+0530,20420,20420,20420,20420,0,290
2020-01-14T15:00:00+0530,20420,20440,20420,20440,5,290
2020-01-14T16:00:00+0530,20440,20450,20420,20450,5,293
2020-01-14T17:00:00+0530,20450,20450,20450,20450,1,294
2020-01-14T18:00:00+0530,20450,20450,20450,20450,1,295
2020-01-14T19:00:00+0530,20450,20500,20450,20500,1,296
2020-01-14T20:00:00+0530,20500,20500,20500,20500,0,296
2020-01-14T21:00:00+0530,20500,20500,20500,20500,0,296
2020-01-14T23:00:00+0530,20500,20500,20500,20500,0,296
2020-01-15T10:00:00+0530,20450,20450,20450,20450,0,296
2020-01-15T11:00:00+0530,20450,20450,20450,20450,0,296
2020-01-15T12:00:00+0530,20450,20450,20450,20450,0,296
2020-01-15T13:00:00+0530,20450,20450,20450,20450,0,296
2020-01-15T14:00:00+0530,20450,20450,20380,20380,12,302
2020-01-15T15:00:00+0530,20380,20380,20380,20380,0,302
2020-01-15T16:00:00+0530,20380,20380,20380,20380,0,302
2020-01-15T17:00:00+0530,20380,20380,20290,20290,17,318
2020-01-15T18:00:00+0530,20290,20300,20280,20300,12,326
2020-01-15T19:00:00+0530,20300,20300,20270,20270,20,340
2020-01-15T20:00:00+0530,20270,20310,20270,20310,36,362
2020-01-15T21:00:00+0530,20310,20310,20310,20310,0,362
2020-01-16T10:00:00+0530,20260,20260,20260,20260,16,378
2020-01-16T11:00:00+0530,20260,20270,20260,20260,15,387
2020-01-16T12:00:00+0530,20260,20260,20260,20260,0,387
2020-01-16T13:00:00+0530,20260,20260,20260,20260,2,386
2020-01-16T14:00:00+0530,20260,20260,20260,20260,0,386
2020-01-16T15:00:00+0530,20260,20260,20150,20180,32,385
2020-01-16T16:00:00+0530,20180,20190,20180,20190,14,387
2020-01-16T17:00:00+0530,20190,20190,20190,20190,0,387
2020-01-16T18:00:00+0530,20190,20200,20150,20200,32,402
2020-01-16T19:00:00+0530,20200,20220,20180,20220,12,407
2020-01-16T20:00:00+0530,20220,20220,20220,20220,2,406
2020-01-16T21:00:00+0530,20220,20220,20220,20220,0,406
2020-01-16T22:00:00+0530,20220,20220,20220,20220,0,406
2020-01-16T23:00:00+0530,20220,20220,20220,20220,0,406
2020-01-17T12:00:00+0530,20320,20370,20310,20310,15,407
2020-01-17T13:00:00+0530,20310,20310,20310,20310,2,407
2020-01-17T14:00:00+0530,20310,20340,20310,20340,1,406
2020-01-17T15:00:00+0530,20340,20400,20340,20400,2,406
2020-01-17T16:00:00+0530,20400,20400,20370,20380,3,405
2020-01-17T17:00:00+0530,20380,20380,20380,20380,0,405
2020-01-17T18:00:00+0530,20380,20380,20380,20380,0,405
2020-01-17T19:00:00+0530,20380,20390,20380,20390,1,406
2020-01-17T20:00:00+0530,20390,20420,20370,20420,4,407
2020-01-17T21:00:00+0530,20420,20420,20420,20420,0,407
2020-01-17T22:00:00+0530,20420,20420,20420,20420,0,407
2020-01-20T10:00:00+0530,20350,20350,20270,20270,2,408
2020-01-20T11:00:00+0530,20270,20340,20270,20340,2,410
2020-01-20T12:00:00+0530,20340,20340,20320,20320,1,411
2020-01-20T13:00:00+0530,20320,20320,20320,20320,0,411
2020-01-20T14:00:00+0530,20320,20320,20320,20320,0,411
2020-01-20T15:00:00+0530,20320,20320,20320,20320,0,411
2020-01-20T16:00:00+0530,20320,20320,20270,20270,14,411
2020-01-20T17:00:00+0530,20270,20270,20250,20250,3,410
2020-01-20T18:00:00+0530,20250,20260,20250,20260,1,409
2020-01-20T19:00:00+0530,20260,20260,20260,20260,0,409
2020-01-20T20:00:00+0530,20260,20260,20250,20250,1,409
2020-01-20T21:00:00+0530,20250,20250,20250,20250,0,409
2020-01-20T22:00:00+0530,20250,20250,20250,20250,0,409
2020-01-21T09:00:00+0530,20210,20210,20140,20170,6,409
2020-01-21T10:00:00+0530,20170,20170,20170,20170,1,409
2020-01-21T11:00:00+0530,20170,20170,20170,20170,0,409
2020-01-21T12:00:00+0530,20170,20170,20140,20140,2,409
2020-01-21T13:00:00+0530,20140,20140,20140,20140,0,409
2020-01-21T14:00:00+0530,20140,20140,20140,20140,0,409
2020-01-21T15:00:00+0530,20140,20200,20140,20200,1,408
2020-01-21T16:00:00+0530,20200,20200,20150,20150,13,418
2020-01-21T17:00:00+0530,20150,20150,20150,20150,0,418
2020-01-21T18:00:00+0530,20150,20150,20150,20150,0,418
2020-01-21T19:00:00+0530,20150,20180,20150,20150,9,424
2020-01-21T20:00:00+0530,20150,20150,20130,20130,6,425
2020-01-21T21:00:00+0530,20130,20130,20130,20130,0,425
2020-01-21T23:00:00+0530,20130,20130,20130,20130,0,425
2020-01-22T09:00:00+0530,20080,20100,20050,20050,46,446
2020-01-22T10:00:00+0530,20050,20070,20040,20050,67,474
2020-01-22T11:00:00+0530,20040,20100,20040,20080,55,506
2020-01-22T12:00:00+0530,20070,20100,20070,20100,3,507
2020-01-22T13:00:00+0530,20090,20090,20090,20090,2,509
2020-01-22T14:00:00+0530,20090,20190,20090,20160,27,518
2020-01-22T15:00:00+0530,20160,20160,20130,20150,10,519
2020-01-22T16:00:00+0530,20150,20150,20150,20150,2,520
2020-01-22T17:00:00+0530,20150,20150,20150,20150,1,520
2020-01-22T18:00:00+0530,20150,20150,20120,20120,1,520
2020-01-22T19:00:00+0530,20120,20160,20120,20160,1,521
2020-01-22T20:00:00+0530,20160,20310,20160,20280,19,520
2020-01-22T21:00:00+0530,20280,20280,20280,20280,0,520
2020-01-22T22:00:00+0530,20280,20280,20280,20280,0,520
2020-01-23T10:00:00+0530,20200,20200,20170,20170,16,530
2020-01-23T11:00:00+0530,20170,20200,20170,20200,17,542
2020-01-23T12:00:00+0530,20200,20200,20200,20200,0,542
2020-01-23T13:00:00+0530,20200,20200,20180,20190,14,546
2020-01-23T14:00:00+0530,20190,20200,20170,20170,21,557
2020-01-23T15:00:00+0530,20170,20170,20150,20150,1,557
2020-01-23T16:00:00+0530,20150,20150,20130,20130,1,557
2020-01-23T17:00:00+0530,20130,20130,20130,20130,6,563
2020-01-23T18:00:00+0530,20130,20150,20060,20060,11,566
2020-01-23T19:00:00+0530,20060,20090,20060,20090,4,567
2020-01-23T20:00:00+0530,20090,20090,20070,20080,25,574
2020-01-23T21:00:00+0530,20080,20080,20080,20080,0,574
2020-01-23T22:00:00+0530,20080,20080,20080,20080,0,574
2020-01-24T09:00:00+0530,20080,20100,20010,20090,20,577
2020-01-24T10:00:00+0530,20090,20130,20070,20070,36,591
2020-01-24T11:00:00+0530,20070,20070,20010,20030,48,619
2020-01-24T12:00:00+0530,20030,20040,20030,20040,5,624
2020-01-24T13:00:00+0530,20050,20080,20050,20080,153,682
2020-01-24T14:00:00+0530,20080,20080,20060,20060,3,679
2020-01-24T15:00:00+0530,20060,20060,20030,20030,6,678
2020-01-24T16:00:00+0530,20030,20030,19950,19950,17,678
2020-01-24T17:00:00+0530,19950,19990,19930,19990,10,678
2020-01-24T18:00:00+0530,19990,19990,19990,19990,0,678
2020-01-24T19:00:00+0530,19990,19990,19970,19970,21,689
2020-01-24T20:00:00+0530,19970,19980,19940,19940,29,693
2020-01-24T21:00:00+0530,19940,19940,19940,19940,0,693
2020-01-24T22:00:00+0530,19940,19940,19940,19940,0,693
2020-01-27T09:00:00+0530,19840,19840,19670,19680,63,722
2020-01-27T10:00:00+0530,19680,19700,19670,19700,83,782
2020-01-27T11:00:00+0530,19700,19700,19700,19700,6,786
2020-01-27T12:00:00+0530,19700,19720,19700,19720,14,786
2020-01-27T13:00:00+0530,19720,19730,19700,19710,98,818
2020-01-27T14:00:00+0530,19710,19720,19690,19710,20,830
2020-01-27T15:00:00+0530,19710,19710,19600,19600,37,839
2020-01-27T16:00:00+0530,19600,19630,19540,19630,70,814
2020-01-27T17:00:00+0530,19630,19630,19620,19620,26,817
2020-01-27T18:00:00+0530,19620,19620,19540,19540,61,847
2020-01-27T19:00:00+0530,19540,19590,19540,19590,12,858
2020-01-27T20:00:00+0530,19590,19730,19590,19700,40,865
2020-01-27T21:00:00+0530,19700,19700,19700,19700,0,865
2020-01-27T22:00:00+0530,19700,19700,19700,19700,0,865
2020-01-27T23:00:00+0530,19700,19700,19700,19700,0,865
2020-01-28T09:00:00+0530,19740,19740,19700,19700,9,870
2020-01-28T10:00:00+0530,19700,19780,19700,19780,55,887
2020-01-28T11:00:00+0530,19780,19780,19770,19770,12,886
2020-01-28T12:00:00+0530,19770,19780,19770,19780,13,898
2020-01-28T13:00:00+0530,19780,19780,19770,19770,2,898
2020-01-28T14:00:00+0530,19770,19770,19750,19750,23,910
2020-01-28T15:00:00+0530,19750,19750,19750,19750,63,943
2020-01-28T16:00:00+0530,19750,19750,19730,19740,29,949
2020-01-28T17:00:00+0530,19740,19750,19720,19730,22,949
2020-01-28T18:00:00+0530,19730,19780,19730,19780,4,953
2020-01-28T19:00:00+0530,19780,19780,19760,19760,1,954
2020-01-28T20:00:00+0530,19760,19770,19750,19760,16,964
2020-01-28T21:00:00+0530,19760,19760,19760,19760,0,964
2020-01-28T22:00:00+0530,19760,19760,19760,19760,0,964
2020-01-28T23:00:00+0530,19760,19760,19760,19760,0,964
2020-01-29T09:00:00+0530,19870,20030,19870,19940,54,973
2020-01-29T10:00:00+0530,19940,19950,19910,19910,10,968
2020-01-29T11:00:00+0530,19910,19920,19910,19910,12,971
2020-01-29T12:00:00+0530,19910,19950,19910,19930,99,1035
2020-01-29T13:00:00+0530,19930,19930,19910,19910,3,1037
2020-01-29T14:00:00+0530,19910,19910,19900,19910,17,1052
2020-01-29T15:00:00+0530,19910,19920,19900,19920,9,1054
2020-01-29T16:00:00+0530,19920,19980,19920,19980,26,1049
2020-01-29T17:00:00+0530,19980,19980,19980,19980,2,1049
2020-01-29T18:00:00+0530,19980,19980,19900,19900,6,1050
2020-01-29T19:00:00+0530,19900,19900,19750,19800,37,1074
2020-01-29T20:00:00+0530,19800,19830,19790,19810,45,1074
2020-01-29T21:00:00+0530,19810,19810,19810,19810,0,1074
2020-01-29T22:00:00+0530,19810,19810,19810,19810,0,1074
2020-01-29T23:00:00+0530,19810,19810,19810,19810,0,1074
2020-01-30T09:00:00+0530,19760,19790,19740,19790,3,1075
2020-01-30T10:00:00+0530,19790,19790,19790,19790,0,1075
2020-01-30T11:00:00+0530,19780,19780,19750,19750,14,1077
2020-01-30T12:00:00+0530,19750,19750,19740,19740,7,1082
2020-01-30T13:00:00+0530,19740,19750,19730,19750,7,1082
2020-01-30T14:00:00+0530,19750,19750,19750,19750,6,1083
2020-01-30T15:00:00+0530,19750,19750,19750,19750,0,1083
2020-01-30T16:00:00+0530,19750,19820,19750,19820,8,1083
2020-01-30T17:00:00+0530,19820,19820,19750,19750,1,1083
2020-01-30T18:00:00+0530,19750,19750,19750,19750,0,1083
2020-01-30T19:00:00+0530,19750,19850,19750,19850,45,1104
2020-01-30T20:00:00+0530,19850,19850,19780,19780,4,1104
2020-01-30T21:00:00+0530,19780,19780,19780,19780,0,1104
2020-01-30T23:00:00+0530,19780,19780,19780,19780,0,1104
2020-01-31T09:00:00+0530,19780,19800,19650,19660,59,1086
2020-01-31T10:00:00+0530,19660,19740,19660,19740,23,1091
2020-01-31T11:00:00+0530,19740,19740,19700,19700,19,1100
2020-01-31T12:00:00+0530,19700,19730,19700,19710,14,1108
2020-01-31T13:00:00+0530,19710,19740,19710,19740,1,1108
2020-01-31T14:00:00+0530,19740,19740,19690,19690,7,1115
2020-01-31T15:00:00+0530,19690,19700,19680,19700,26,1126
2020-01-31T16:00:00+0530,19700,19710,19690,19690,12,1131
2020-01-31T17:00:00+0530,19690,19690,19690,19690,3,1134
2020-01-31T18:00:00+0530,19690,19700,19690,19700,1,1135
2020-01-31T19:00:00+0530,19700,19700,19670,19700,32,1136
2020-01-31T20:00:00+0530,19700,19710,19670,19670,62,1136
2020-01-31T21:00:00+0530,19670,19670,19670,19670,0,1136
2020-01-31T22:00:00+0530,19670,19670,19670,19670,0,1136
2020-01-31T23:00:00+0530,19670,19670,19670,19670,0,1136
2020-02-01T09:00:00+0530,19770,19770,19590,19610,26,1146
2020-02-01T10:00:00+0530,19610,19620,19600,19620,6,1146
2020-02-01T11:00:00+0530,19620,19630,19620,19630,11,1157
2020-02-01T12:00:00+0530,19620,19630,19620,19630,5,1157
2020-02-01T13:00:00+0530,19630,19630,19600,19600,8,1165
2020-02-01T14:00:00+0530,19600,19600,19600,19600,0,1165
2020-02-01T15:00:00+0530,19600,19610,19580,19600,22,1162
2020-02-01T16:00:00+0530,19600,19600,19580,19580,1,1162
2020-02-03T09:00:00+0530,19530,19530,19130,19240,183,1236
2020-02-03T10:00:00+0530,19240,19290,19220,19290,31,1248
2020-02-03T11:00:00+0530,19290,19420,19280,19400,127,1307
2020-02-03T12:00:00+0530,19400,19540,19400,19460,82,1332
2020-02-03T13:00:00+0530,19460,19460,19430,19440,6,1328
2020-02-03T14:00:00+0530,19440,19440,19420,19420,11,1319
2020-02-03T15:00:00+0530,19420,19420,19360,19380,24,1339
2020-02-03T16:00:00+0530,19380,19390,19370,19390,3,1339
2020-02-03T17:00:00+0530,19390,19390,19350,19370,4,1338
2020-02-03T18:00:00+0530,19370,19440,19360,19440,83,1358
2020-02-03T19:00:00+0530,19440,19480,19420,19480,32,1378
2020-02-03T20:00:00+0530,19480,19480,19410,19470,48,1387
2020-02-03T21:00:00+0530,19470,19470,19470,19470,0,1387
2020-02-03T22:00:00+0530,19470,19470,19470,19470,0,1387
2020-02-03T23:00:00+0530,19470,19470,19470,19470,0,1387
2020-02-04T09:00:00+0530,19430,19460,19380,19450,34,1387
2020-02-04T10:00:00+0530,19450,19480,19450,19470,50,1415
2020-02-04T11:00:00+0530,19460,19460,19420,19430,46,1425
2020-02-04T12:00:00+0530,19430,19470,19430,19470,84,1441
2020-02-04T13:00:00+0530,19470,19490,19460,19490,56,1457
2020-02-04T14:00:00+0530,19490,19490,19470,19470,39,1469
2020-02-04T15:00:00+0530,19470,19540,19470,19540,75,1501
2020-02-04T16:00:00+0530,19540,19540,19490,19490,13,1504
2020-02-04T17:00:00+0530,19490,19530,19490,19530,28,1495
2020-02-04T18:00:00+0530,19530,19560,19510,19550,64,1489
2020-02-04T19:00:00+0530,19550,19550,19540,19550,30,1481
2020-02-04T20:00:00+0530,19550,19550,19500,19510,14,1480
2020-02-04T21:00:00+0530,19510,19510,19510,19510,0,1480
2020-02-04T23:00:00+0530,19510,19510,19510,19510,0,1480
2020-02-05T09:00:00+0530,19610,19610,19560,19560,15,1481
2020-02-05T10:00:00+0530,19560,19570,19560,19570,12,1480
2020-02-05T11:00:00+0530,19570,19570,19540,19540,14,1477
2020-02-05T12:00:00+0530,19540,19560,19540,19560,4,1479
2020-02-05T13:00:00+0530,19560,19570,19550,19550,13,1483
2020-02-05T14:00:00+0530,19550,19620,19550,19580,70,1484
2020-02-05T15:00:00+0530,19580,19650,19580,19650,42,1482
2020-02-05T16:00:00+0530,19650,19700,19640,19660,33,1478
2020-02-05T17:00:00+0530,19660,19660,19640,19640,60,1505
2020-02-05T18:00:00+0530,19640,19640,19620,19620,2,1506
2020-02-05T19:00:00+0530,19620,19620,19620,19620,9,1511
2020-02-05T20:00:00+0530,19620,19620,19550,19550,52,1540
2020-02-05T21:00:00+0530,19550,19550,19550,19550,0,1540
2020-02-05T22:00:00+0530,19550,19550,19550,19550,0,1540
2020-02-06T09:00:00+0530,19570,19580,19550,19580,6,1542
2020-02-06T10:00:00+0530,19580,19620,19550,19620,12,1543
2020-02-06T11:00:00+0530,19620,19660,19600,19660,37,1532
2020-02-06T12:00:00+0530,19660,19660,19610,19610,36,1525
2020-02-06T13:00:00+0530,19620,19620,19620,19620,57,1559
2020-02-06T14:00:00+0530,19620,19630,19620,19630,33,1571
2020-02-06T15:00:00+0530,19630,19630,19630,19630,41,1567
2020-02-06T16:00:00+0530,19630,19630,19620,19630,21,1571
2020-02-06T17:00:00+0530,19630,19630,19630,19630,0,1571
2020-02-06T18:00:00+0530,19630,19630,19590,19600,12,1569
2020-02-06T19:00:00+0530,19600,19610,19590,19610,12,1573
2020-02-06T20:00:00+0530,19620,19630,19620,19630,10,1583
2020-02-06T21:00:00+0530,19630,19630,19630,19630,0,1583
2020-02-06T22:00:00+0530,19630,19630,19630,19630,0,1583
2020-02-06T23:00:00+0530,19630,19630,19630,19630,0,1583
2020-02-07T09:00:00+0530,19530,19580,19480,19580,36,1590
2020-02-07T10:00:00+0530,19580,19590,19560,19590,24,1611
2020-02-07T11:00:00+0530,19590,19600,19570,19600,36,1628
2020-02-07T12:00:00+0530,19600,19610,19590,19600,20,1640
2020-02-07T13:00:00+0530,19600,19600,19600,19600,40,1676
2020-02-07T14:00:00+0530,19600,19600,19550,19550,99,1704
2020-02-07T15:00:00+0530,19550,19560,19460,19490,73,1721
2020-02-07T16:00:00+0530,19490,19490,19390,19410,114,1746
2020-02-07T17:00:00+0530,19410,19430,19410,19430,7,1748
2020-02-07T18:00:00+0530,19430,19430,19350,19350,43,1755
2020-02-07T19:00:00+0530,19350,19390,19300,19300,25,1755
2020-02-07T20:00:00+0530,19310,19350,19290,19290,79,1771
2020-02-07T21:00:00+0530,19290,19290,19290,19290,0,1771
2020-02-07T22:00:00+0530,19290,19290,19290,19290,0,1771
2020-02-07T23:00:00+0530,19290,19290,19290,19290,0,1771
2020-02-10T09:00:00+0530,19280,19300,19250,19250,15,1777
2020-02-10T10:00:00+0530,19250,19270,19250,19270,29,1753
2020-02-10T11:00:00+0530,19270,19310,19250,19250,36,1752
2020-02-10T12:00:00+0530,19250,19310,19240,19240,121,1858
2020-02-10T13:00:00+0530,19240,19270,19240,19270,5,1854
2020-02-10T14:00:00+0530,19270,19270,19240,19250,6,1857
2020-02-10T15:00:00+0530,19250,19270,19250,19270,74,1887
2020-02-10T16:00:00+0530,19270,19310,19270,19290,79,1933
2020-02-10T17:00:00+0530,19290,19300,19260,19270,12,1941
2020-02-10T18:00:00+0530,19270,19350,19270,19330,25,1951
2020-02-10T19:00:00+0530,19330,19340,19290,19290,10,1954
2020-02-10T20:00:00+0530,19290,19310,19280,19300,25,1965
2020-02-10T21:00:00+0530,19300,19300,19300,19300,0,1965
2020-02-10T22:00:00+0530,19300,19300,19300,19300,0,1965
2020-02-10T23:00:00+0530,19300,19300,19300,19300,0,1965
2020-02-11T09:00:00+0530,19290,19370,19290,19320,20,1961
2020-02-11T10:00:00+0530,19320,19340,19320,19340,2,1961
2020-02-11T11:00:00+0530,19340,19350,19340,19350,4,1961
2020-02-11T12:00:00+0530,19350,19350,19320,19320,13,1963
2020-02-11T13:00:00+0530,19320,19320,19320,19320,0,1963
2020-02-11T14:00:00+0530,19320,19340,19320,19340,3,1966
2020-02-11T15:00:00+0530,19340,19350,19330,19350,34,1998
2020-02-11T16:00:00+0530,19350,19370,19320,19370,19,2002
2020-02-11T17:00:00+0530,19370,19440,19340,19430,32,1995
2020-02-11T18:00:00+0530,19430,19450,19420,19420,11,1991
2020-02-11T19:00:00+0530,19420,19440,19420,19440,48,2019
2020-02-11T20:00:00+0530,19440,19440,19430,19430,20,2028
2020-02-11T21:00:00+0530,19430,19430,19430,19430,0,2028
2020-02-11T23:00:00+0530,19430,19430,19430,19430,0,2028
2020-02-12T09:00:00+0530,19360,19360,19310,19310,19,2032
2020-02-12T10:00:00+0530,19310,19350,19250,19340,56,2053
2020-02-12T11:00:00+0530,19340,19350,19320,19320,61,2092
2020-02-12T12:00:00+0530,19320,19340,19310,19340,33,2105
2020-02-12T13:00:00+0530,19340,19370,19340,19370,8,2107
2020-02-12T14:00:00+0530,19370,19370,19360,19360,4,2107
2020-02-12T15:00:00+0530,19360,19360,19360,19360,0,2107
2020-02-12T16:00:00+0530,19360,19380,19360,19370,21,2120
2020-02-12T17:00:00+0530,19370,19420,19370,19370,25,2120
2020-02-12T18:00:00+0530,19370,19390,19370,19390,7,2124
2020-02-12T19:00:00+0530,19390,19480,19390,19480,91,2164
2020-02-12T20:00:00+0530,19480,19480,19400,19460,45,2181
2020-02-12T21:00:00+0530,19460,19460,19460,19460,0,2181
2020-02-12T22:00:00+0530,19460,19460,19460,19460,0,2181
2020-02-12T23:00:00+0530,19460,19460,19460,19460,0,2181
2020-02-13T09:00:00+0530,19440,19440,19430,19440,9,2187
2020-02-13T10:00:00+0530,19440,19460,19440,19450,60,2219
2020-02-13T11:00:00+0530,19450,19450,19430,19440,23,2220
2020-02-13T12:00:00+0530,19440,19460,19440,19460,21,2230
2020-02-13T13:00:00+0530,19460,19460,19460,19460,0,2230
2020-02-13T14:00:00+0530,19460,19460,19400,19400,37,2241
2020-02-13T15:00:00+0530,19400,19400,19400,19400,13,2241
2020-02-13T16:00:00+0530,19400,19400,19340,19350,42,2270
2020-02-13T17:00:00+0530,19350,19360,19320,19320,15,2274
2020-02-13T18:00:00+0530,19320,19340,19300,19330,38,2280
2020-02-13T19:00:00+0530,19330,19380,19330,19370,13,2281
2020-02-13T20:00:00+0530,19370,19380,19350,19380,32,2300
2020-02-13T21:00:00+0530,19380,19380,19380,19380,0,2300
2020-02-13T22:00:00+0530,19380,19380,19380,19380,0,2300
2020-02-13T23:00:00+0530,19380,19380,19380,19380,0,2300
2020-02-14T09:00:00+0530,19300,19320,19280,19310,25,2311
2020-02-14T10:00:00+0530,19310,19340,19310,19310,24,2317
2020-02-14T11:00:00+0530,19310,19330,19310,19320,20,2320
2020-02-14T12:00:00+0530,19320,19340,19320,19330,37,2352
2020-02-14T13:00:00+0530,19330,19350,19280,19280,50,2369
2020-02-14T14:00:00+0530,19280,19300,19260,19290,51,2379
2020-02-14T15:00:00+0530,19290,19310,19250,19310,52,2381
2020-02-14T16:00:00+0530,19310,19310,19310,19310,1,2381
2020-02-14T17:00:00+0530,19310,19370,19310,19340,30,2393
2020-02-14T18:00:00+0530,19340,19410,19340,19370,73,2391
2020-02-14T19:00:00+0530,19370,19370,19340,19350,25,2388
2020-02-14T20:00:00+0530,19350,19370,19350,19360,25,2388
2020-02-14T21:00:00+0530,19360,19360,19360,19360,0,2388
2020-02-14T22:00:00+0530,19360,19360,19360,19360,0,2388
2020-02-17T09:00:00+0530,19410,19410,19370,19370,58,2433
2020-02-17T10:00:00+0530,19370,19390,19370,19390,7,2427
2020-02-17T11:00:00+0530,19390,19440,19380,19440,77,2433
2020-02-17T12:00:00+0530,19440,19510,19440,19500,160,2480
2020-02-17T13:00:00+0530,19500,19510,19450,19450,48,2519
2020-02-17T14:00:00+0530,19450,19500,19450,19470,15,2528
2020-02-17T15:00:00+0530,19470,19470,19450,19470,32,2539
2020-02-17T16:00:00+0530,19470,19470,19390,19430,39,2541
2020-02-17T17:00:00+0530,19430,19430,19430,19430,5,2536
2020-02-17T18:00:00+0530,19430,19430,19410,19420,64,2539
2020-02-17T19:00:00+0530,19420,19420,19400,19400,24,2553
2020-02-17T20:00:00+0530,19400,19440,19400,19440,9,2551
2020-02-17T21:00:00+0530,19440,19440,19440,19440,0,2551
2020-02-17T22:00:00+0530,19440,19440,19440,19440,0,2551
2020-02-17T23:00:00+0530,19440,19440,19440,19440,0,2551
2020-02-18T09:00:00+0530,19450,19500,19430,19460,79,2589
2020-02-18T10:00:00+0530,19460,19490,19430,19450,458,2873
2020-02-18T11:00:00+0530,19450,19470,19440,19440,32,2889
2020-02-18T12:00:00+0530,19440,19440,19420,19420,8,2891
2020-02-18T13:00:00+0530,19430,19540,19410,19510,569,3287
2020-02-18T14:00:00+0530,19510,19550,19490,19500,114,3351
2020-02-18T15:00:00+0530,19500,19550,19500,19530,98,3413
2020-02-18T16:00:00+0530,19530,19530,19490,19490,90,3428
2020-02-18T17:00:00+0530,19500,19510,19490,19500,18,3438
2020-02-18T18:00:00+0530,19500,19500,19480,19480,50,3460
2020-02-18T19:00:00+0530,19480,19490,19450,19450,37,3464
2020-02-18T20:00:00+0530,19450,19460,19420,19420,34,3464
2020-02-18T21:00:00+0530,19420,19420,19420,19420,0,3464
2020-02-18T23:00:00+0530,19420,19420,19420,19420,0,3464
2020-02-19T09:00:00+0530,19470,19470,19430,19430,10,3470
2020-02-19T10:00:00+0530,19430,19440,19420,19440,249,3696
2020-02-19T11:00:00+0530,19440,19460,19440,19460,163,3801
2020-02-19T12:00:00+0530,19460,19460,19440,19440,125,3918
2020-02-19T13:00:00+0530,19440,19450,19440,19450,10,3924
2020-02-19T14:00:00+0530,19450,19460,19440,19440,11,3925
2020-02-19T15:00:00+0530,19440,19450,19440,19440,107,4027
2020-02-19T16:00:00+0530,19440,19440,19430,19440,43,4052
2020-02-19T17:00:00+0530,19440,19440,19440,19440,0,4052
2020-02-19T18:00:00+0530,19440,19440,19350,19350,68,4055
2020-02-19T19:00:00+0530,19330,19380,19330,19370,51,4087
2020-02-19T20:00:00+0530,19370,19380,19330,19350,56,4089
2020-02-19T21:00:00+0530,19350,19350,19350,19350,0,4089
2020-02-19T22:00:00+0530,19350,19350,19350,19350,0,4089
2020-02-19T23:00:00+0530,19350,19350,19350,19350,0,4089
2020-02-20T09:00:00+0530,19350,19400,19330,19380,126,4180
2020-02-20T10:00:00+0530,19380,19450,19380,19400,938,4728
2020-02-20T11:00:00+0530,19400,19450,19400,19420,284,4776
2020-02-20T12:00:00+0530,19420,19440,19410,19410,306,4929
2020-02-20T13:00:00+0530,19410,19430,19410,19420,132,5046
2020-02-20T14:00:00+0530,19420,19430,19410,19410,391,5354
2020-02-20T15:00:00+0530,19410,19420,19410,19420,122,5436
2020-02-20T16:00:00+0530,19420,19480,19420,19470,183,5506
2020-02-20T17:00:00+0530,19470,19480,19450,19460,59,5542
2020-02-20T18:00:00+0530,19460,19470,19450,19460,56,5580
2020-02-20T19:00:00+0530,19460,19460,19440,19440,324,5702
2020-02-20T20:00:00+0530,19440,19450,19410,19450,145,5715
2020-02-20T21:00:00+0530,19450,19450,19450,19450,0,5715
2020-02-20T22:00:00+0530,19450,19450,19450,19450,0,5715
2020-02-20T23:00:00+0530,19450,19450,19450,19450,0,5715
2020-02-21T17:00:00+0530,19480,19480,19450,19460,50,5762
2020-02-21T18:00:00+0530,19460,19460,19430,19440,67,5768
2020-02-21T19:00:00+0530,19440,19440,19420,19430,35,5777
2020-02-21T20:00:00+0530,19430,19430,19400,19400,109,5818
2020-02-21T21:00:00+0530,19400,19400,19400,19400,0,5818
2020-02-21T22:00:00+0530,19400,19400,19400,19400,0,5818
2020-02-21T23:00:00+0530,19400,19400,19400,19400,0,5818
2020-02-24T09:00:00+0530,19350,19350,19150,19250,281,5900
2020-02-24T10:00:00+0530,19250,19280,19230,19280,640,6328
2020-02-24T11:00:00+0530,19280,19280,19230,19230,217,6435
2020-02-24T12:00:00+0530,19230,19240,19170,19200,285,6627
2020-02-24T13:00:00+0530,19200,19210,19190,19190,97,6664
2020-02-24T14:00:00+0530,19190,19190,19110,19110,311,6824
2020-02-24T15:00:00+0530,19110,19150,19100,19100,462,6986
2020-02-24T16:00:00+0530,19100,19120,19080,19090,345,7208
2020-02-24T17:00:00+0530,19090,19120,19070,19120,180,7292
2020-02-24T18:00:00+0530,19120,19130,19100,19120,54,7311
2020-02-24T19:00:00+0530,19120,19120,19080,19080,158,7372
2020-02-24T20:00:00+0530,19080,19100,19060,19090,473,7544
2020-02-24T21:00:00+0530,19090,19090,19090,19090,0,7544
2020-02-24T22:00:00+0530,19090,19090,19090,19090,0,7544
2020-02-24T23:00:00+0530,19090,19090,19090,19090,0,7544
2020-02-25T09:00:00+0530,19140,19280,19140,19240,125,7537
2020-02-25T10:00:00+0530,19240,19240,19150,19150,62,7558
2020-02-25T11:00:00+0530,19150,19180,19150,19170,45,7575
2020-02-25T12:00:00+0530,19170,19230,19170,19220,101,7594
2020-02-25T13:00:00+0530,19220,19220,19200,19200,11,7597
2020-02-25T14:00:00+0530,19200,19200,19190,19190,12,7600
2020-02-25T15:00:00+0530,19190,19190,19140,19140,115,7600
2020-02-25T16:00:00+0530,19140,19170,19140,19170,58,7608
2020-02-25T17:00:00+0530,19170,19170,19120,19130,30,7612
2020-02-25T18:00:00+0530,19140,19150,19140,19150,8,7612
2020-02-25T19:00:00+0530,19130,19160,19130,19150,30,7618
2020-02-25T20:00:00+0530,19150,19170,19110,19110,154,7686
2020-02-25T21:00:00+0530,19110,19110,19110,19110,0,7686
2020-02-25T23:00:00+0530,19110,19110,19110,19110,0,7686
2020-02-26T09:00:00+0530,19040,19090,18900,19060,151,7761
2020-02-26T10:00:00+0530,19060,19060,18970,19020,133,7823
2020-02-26T11:00:00+0530,19020,19020,18980,19000,155,7881
2020-02-26T12:00:00+0530,19000,19020,18990,19010,69,7893
2020-02-26T13:00:00+0530,19010,19020,19010,19020,49,7905
2020-02-26T14:00:00+0530,19020,19020,18940,18950,282,7891
2020-02-26T15:00:00+0530,18950,18950,18880,18900,315,7868
2020-02-26T16:00:00+0530,18900,18900,18860,18860,75,7872
2020-02-26T17:00:00+0530,18860,18890,18860,18890,15,7877
2020-02-26T18:00:00+0530,18890,18900,18870,18870,49,7866
2020-02-26T19:00:00+0530,18870,18940,18870,18900,130,7861
2020-02-26T20:00:00+0530,18900,18940,18890,18910,199,7830
2020-02-26T21:00:00+0530,18910,18910,18910,18910,0,7830
2020-02-26T22:00:00+0530,18910,18910,18910,18910,0,7830
2020-02-27T09:00:00+0530,18850,18850,18710,18780,264,7798
2020-02-27T10:00:00+0530,18790,18790,18760,18770,49,7809
2020-02-27T11:00:00+0530,18770,18770,18730,18740,79,7791
2020-02-27T12:00:00+0530,18740,18760,18740,18760,31,7786
2020-02-27T13:00:00+0530,18760,18790,18740,18750,91,7791
2020-02-27T14:00:00+0530,18750,18760,18730,18750,62,7796
2020-02-27T15:00:00+0530,18750,18750,18720,18730,75,7773
2020-02-27T16:00:00+0530,18720,18760,18720,18740,192,7746
2020-02-27T17:00:00+0530,18740,18760,18740,18760,115,7744
2020-02-27T18:00:00+0530,18760,18760,18720,18720,119,7791
2020-02-27T19:00:00+0530,18720,18730,18560,18570,313,7850
2020-02-27T20:00:00+0530,18570,18590,18360,18390,484,7766
2020-02-27T21:00:00+0530,18390,18390,18390,18390,0,7766
2020-02-27T22:00:00+0530,18390,18390,18390,18390,0,7766
2020-02-27T23:00:00+0530,18390,18390,18390,18390,0,7766
2020-02-28T09:00:00+0530,18080,18260,18070,18150,165,7771
2020-02-28T10:00:00+0530,18150,18190,18150,18190,172,7818
2020-02-28T11:00:00+0530,18190,18240,18180,18220,133,7818
2020-02-28T12:00:00+0530,18220,18230,18000,18000,398,7713
2020-02-28T13:00:00+0530,18000,18030,17850,18020,684,7874
2020-02-28T14:00:00+0530,18030,18190,17950,18140,520,7798
2020-02-28T15:00:00+0530,18140,18430,18130,18430,378,7725
2020-02-28T16:00:00+0530,18430,18470,18360,18410,391,7733
2020-02-28T17:00:00+0530,18410,18440,18390,18440,57,7726
2020-02-28T18:00:00+0530,18440,18440,18330,18360,122,7700
2020-02-28T19:00:00+0530,18360,18360,18310,18310,27,7684
2020-02-28T20:00:00+0530,18310,18310,18160,18200,262,7718
2020-02-28T21:00:00+0530,18200,18200,18200,18200,0,7718
2020-02-28T22:00:00+0530,18200,18200,18200,18200,0,7718
2020-02-28T23:00:00+0530,18200,18200,18200,18200,0,7718
2020-03-02T09:00:00+0530,18400,18700,18400,18570,256,7685
2020-03-02T10:00:00+0530,18570,18570,18500,18530,97,7666
2020-03-02T11:00:00+0530,18530,18540,18520,18540,53,7670
2020-03-02T12:00:00+0530,18540,18570,18540,18540,76,7664
2020-03-02T13:00:00+0530,18550,18590,18540,18570,71,7662
2020-03-02T14:00:00+0530,18560,18570,18520,18560,68,7657
2020-03-02T15:00:00+0530,18560,18560,18390,18420,439,7674
2020-03-02T16:00:00+0530,18420,18420,18280,18320,487,7767
2020-03-02T17:00:00+0530,18320,18330,18110,18200,216,7769
2020-03-02T18:00:00+0530,18200,18220,18110,18110,131,7765
2020-03-02T19:00:00+0530,18110,18310,18110,18290,173,7760
2020-03-02T20:00:00+0530,18290,18350,18270,18350,247,7723
2020-03-02T21:00:00+0530,18350,18350,18350,18350,1,7723
2020-03-02T22:00:00+0530,18350,18350,18350,18350,0,7723
2020-03-02T23:00:00+0530,18350,18350,18350,18350,0,7723
2020-03-03T09:00:00+0530,18440,18700,18440,18500,187,7672
2020-03-03T10:00:00+0530,18500,18540,18490,18530,140,7611
2020-03-03T11:00:00+0530,18530,18570,18520,18540,44,7609
2020-03-03T12:00:00+0530,18540,18580,18510,18560,85,7593
2020-03-03T13:00:00+0530,18560,18580,18520,18570,66,7589
2020-03-03T14:00:00+0530,18570,18580,18520,18540,106,7539
2020-03-03T15:00:00+0530,18540,18620,18540,18580,106,7537
2020-03-03T16:00:00+0530,18580,18680,18580,18670,149,7527
2020-03-03T17:00:00+0530,18670,18670,18620,18620,88,7491
2020-03-03T18:00:00+0530,18620,18620,18510,18550,143,7479
2020-03-03T19:00:00+0530,18550,18550,18500,18520,188,7489
2020-03-03T20:00:00+0530,18520,18660,18470,18590,345,7408
2020-03-03T21:00:00+0530,18590,18590,18590,18590,0,7408
2020-03-03T23:00:00+0530,18590,18590,18590,18590,0,7408
2020-03-04T09:00:00+0530,18600,18640,18570,18570,82,7420
2020-03-04T10:00:00+0530,18570,18610,18560,18560,115,7377
2020-03-04T11:00:00+0530,18560,18620,18560,18620,117,7301
2020-03-04T12:00:00+0530,18620,18640,18580,18590,212,7232
2020-03-04T13:00:00+0530,18590,18620,18530,18530,106,7231
2020-03-04T14:00:00+0530,18530,18570,18520,18550,38,7221
2020-03-04T15:00:00+0530,18550,18550,18520,18530,50,7224
2020-03-04T16:00:00+0530,18530,18630,18530,18580,78,7238
2020-03-04T17:00:00+0530,18580,18620,18580,18620,29,7234
2020-03-04T18:00:00+0530,18620,18630,18570,18580,71,7222
2020-03-04T19:00:00+0530,18580,18620,18580,18620,15,7223
2020-03-04T20:00:00+0530,18630,18640,18580,18590,149,7188
2020-03-04T21:00:00+0530,18590,18590,18590,18590,0,7188
2020-03-04T22:00:00+0530,18590,18590,18590,18590,0,7188
2020-03-04T23:00:00+0530,18590,18590,18590,18590,0,7188
2020-03-05T09:00:00+0530,18650,18670,18600,18650,55,7188
2020-03-05T10:00:00+0530,18650,18660,18620,18640,44,7163
2020-03-05T11:00:00+0530,18640,18730,18640,18690,159,7153
2020-03-05T12:00:00+0530,18690,18690,18650,18670,52,7144
2020-03-05T13:00:00+0530,18670,18690,18670,18680,44,7169
2020-03-05T14:00:00+0530,18680,18710,18650,18660,82,7156
2020-03-05T15:00:00+0530,18660,18680,18630,18630,48,7153
2020-03-05T16:00:00+0530,18630,18720,18620,18710,325,7118
2020-03-05T17:00:00+0530,18710,18710,18670,18680,137,7108
2020-03-05T18:00:00+0530,18680,18790,18680,18760,378,7095
2020-03-05T19:00:00+0530,18760,18860,18700,18730,571,7127
2020-03-05T20:00:00+0530,18720,18780,18720,18760,168,7098
2020-03-05T21:00:00+0530,18760,18760,18760,18760,0,7098
2020-03-05T22:00:00+0530,18760,18760,18760,18760,0,7098
2020-03-05T23:00:00+0530,18760,18760,18760,18760,0,7098
2020-03-06T09:00:00+0530,18880,18880,18510,18620,343,7059
2020-03-06T10:00:00+0530,18620,18620,18550,18560,55,7048
2020-03-06T11:00:00+0530,18560,18610,18520,18610,138,7072
2020-03-06T12:00:00+0530,18610,18670,18600,18640,119,7036
2020-03-06T13:00:00+0530,18640,18650,18630,18630,15,7029
2020-03-06T14:00:00+0530,18630,18630,18570,18630,55,7019
2020-03-06T15:00:00+0530,18630,18630,18590,18630,38,7021
2020-03-06T16:00:00+0530,18630,18630,18590,18590,97,7012
2020-03-06T17:00:00+0530,18590,18670,18590,18660,47,7013
2020-03-06T18:00:00+0530,18660,18660,18600,18610,51,6989
2020-03-06T19:00:00+0530,18610,18690,18610,18660,28,6983
2020-03-06T20:00:00+0530,18660,18680,18580,18650,157,6995
2020-03-06T21:00:00+0530,18650,18650,18650,18650,0,6995
2020-03-06T22:00:00+0530,18650,18650,18650,18650,0,6995
2020-03-06T23:00:00+0530,18650,18650,18650,18650,0,6995
2020-03-09T09:00:00+0530,18490,18490,18100,18300,317,7013
2020-03-09T10:00:00+0530,18300,18300,18250,18270,72,6991
2020-03-09T11:00:00+0530,18270,18270,18240,18240,150,6972
2020-03-09T12:00:00+0530,18240,18280,18240,18260,150,6950
2020-03-09T13:00:00+0530,18260,18320,18260,18310,52,6948
2020-03-09T14:00:00+0530,18310,18410,18310,18370,104,6949
2020-03-09T15:00:00+0530,18370,18390,18350,18360,35,6952
2020-03-09T16:00:00+0530,18360,18360,18340,18350,22,6946
2020-03-09T17:00:00+0530,18350,18360,18340,18340,76,6926
2020-03-09T18:00:00+0530,18340,18350,18320,18350,83,6903
2020-03-09T19:00:00+0530,18350,18360,18310,18340,55,6879
2020-03-09T20:00:00+0530,18340,18390,18340,18350,59,6860
2020-03-09T21:00:00+0530,18350,18350,18350,18350,0,6860
2020-03-09T22:00:00+0530,18350,18350,18350,18350,0,6860
2020-03-09T23:00:00+0530,18350,18350,18350,18350,0,6860
